"Product Checker",https://reade.local/product-checker/,,
"Weight Conversion",https://reade.local/tools/materials-science-toolkit/weight-conversion/,,
"FEPA Particle Size Conversion",https://reade.local/tools/materials-science-toolkit/fepa-particle-size-conversion/,,
"ANSI Particle Size Conversion",https://reade.local/tools/materials-science-toolkit/ansi-particle-size-conversion/,,
"Particle Size Conversion",https://reade.local/tools/materials-science-toolkit/particle-size-conversion/,,
"Legal Disclaimer",https://reade.local/legal-disclaimer/,,
"Sustainable Products",https://reade.local/sustainable-products/,,
Shop,https://reade.local/shop/,,
"Materials Science Toolkit",https://reade.local/tools/materials-science-toolkit/,,
"Document Library",https://reade.local/tools/document-library/,,
Tools,https://reade.local/tools/,,
"News Search",https://reade.local/news-search/,,
News,https://reade.local/news/,,
"Particle Measurement",https://reade.local/particle-measurement/,,
RFQ,https://reade.local/request-quote/,,
"About Us",https://reade.local/about-us/,,
"Our History",https://reade.local/about-us/history/,,
"Global Sourcing",https://reade.local/services/global-sourcing/,,
Quality,https://reade.local/about-us/quality-at-reade/,,
"Toll Processing",https://reade.local/services/toll-processing/,,
"Industries Served",https://reade.local/about-us/industries-served/,,
"Toll Packaging",https://reade.local/services/toll-packaging/,,
SDVOSB,https://reade.local/about-us/service-disabled-veteran-owned-small-business/,,
Products,https://reade.local/products/,,
Contact,https://reade.local/contact/,,
"Itemized RFQ Form",https://reade.local/itemized-rfq/,,
Careers,https://reade.local/about-us/careers/,,
"Terms of Service",https://reade.local/terms-of-service/,,
"Partner With Us",https://reade.local/partner-with-us/,,
"Terms &amp; Conditions of Sale",https://reade.local/about-us/terms-conditions-of-sale/,,
FAQs,https://reade.local/about-us/faqs/,,
Services,https://reade.local/services/,,
Leadership,https://reade.local/about-us/leadership/,,
"Custom Product RFQ Form",https://reade.local/custom-product-rfq-form/,,
"Itemized RFQ Form - Success",https://reade.local/itemized-rfq-form-success/,,
Home,https://reade.local/,,
"Privacy Policy",https://reade.local/privacy-policy/,,
