3d-printing-powders,
abrasive-grain-grit-powder-inorganic,
abrasive-lapping-powder-polishing-powder,
abrasives-powders-inorganic-grit-media,
acrylic-beads-acrylic-powders,
adsorbents-inorganic-a-organic,
advanced-search/12192,
alloys-metal-inorganic-fusible-intermetallic-powder-sheet-a-wire,
alloys-metal-inorganic-fusible-intermetallic-powder-sheet-a-wire/2,
alloys-super-inorganic-powder-sheet-a-wire,
almond-shell-powder-almond-shell-granules,almond-shell-powder-and-granules
alumina-powder-aluminum-oxide-powder,alumina-aluminum-oxide-al2o3
aluminide-compounds-feal-nial-tial-mgal-powder,
aluminide-powder-foil-and-wire,
aluminum-al-alloy-powders,aluminum-al-alloy-powders
aluminum-al-chopped-wire-ec-chops,aluminum-al-chopped-wire
aluminum-al-powder-aluminum-nanoparticles,
aluminum-beryllium-al-be-alloy,aluminum-beryllium-al-be-alloy
aluminum-bronze-bronze-aluminum-powders,
aluminum-carbide-powder-al4c3,aluminum-carbide-al4c3
aluminum-nitride-aln-powder-crystal-rod-target-piece,
aluminum-silicate-powder,
aluminum-titanate-powder-al2tio5,aluminum-titanate-al2tio5
aluminum-titanium-oxide-powder-al2o3-tio2,
amendments-soil-inorganic,
amendments-soil-inorganics,
amendments-soil-organic,
amendments-soil-organics,
amorphous-carbons-c,amorphous-carbons-c
amorphous-metals,
andaluzite-al2si05-powder,andalusite-al2io5
anthracite-filtration-media,anthracite-filtration-media
antimony-oxide-powder-sb2o3-sb2o5,
antimony-sb-metal-antimony-powder,
antimony-sulfide-powder-sb2s3,antimonyiii-sulfide-sb2s3
antimony-tin-oxide-ato-powder,antimony-tin-oxide-ato
apricot-peach-and-plum-stone-powder,apricot-peach-and-plum-stone-powder
argan-shell-granules,argan-shell
arsenic-anion-element-gallium-arsenic-electropositive-element,
attapulgite-fuller-s-earth-clay,attapulgite-fullers-earth-clay
avocado-stone-powder,avocado-stone
babbitt-powder-wire-pb-sn-sb-pb-ca-sn,
barium-ferrite-particles-powder,
barium-titanate-bati03-powder,barium-titanate-batio2
basalt-rock-basalt-powder-basalt-fiber-strand,
bauxite-powder,pumice-powder
bentonite-montmorillonite-clay-powder,bentonite-montmorillonite-clay
beryllia-beryllium-oxide-beo,beryllia-beryllium-oxide-beo
beryllium-be-powder-sheet-rod,
bismuth-bi-metal-bismuth-powder,
bismuth-ferrite-bife03,bismuth-ferrite-bifeo3
bismuth-oxide-powder-bi2o3,bismuth-oxide-bi2o3
bismuth-telluride-bi2te3-undoped,bismuthiii-telluride-bi2te3
black-beauty-abrasive-boiler-slag-coal-slag,
black-nickel-oxide-powder-ni2o3-green-nickel-oxide-powder-nio,
blanc-fixe-powder-baso4,
bone-char-granular-bone-black,
boride-compounds-powder,
boride-diboride-target-piece-powder,
boron-aluminide-bal,boron-aluminide-bal
boron-b-metal-powder-amorphous-crystalline,
boron-carbide-powder-b4c,boron-carbide-b4c
boron-nitride-powder-bn-boron-nitride-spray,
boron-oxide-boric-acid-powder-b2o3,boron-oxide-boric-acid-powder-b2o3
brass-metal-powder-strip-wire-cu-zn,
brazing-soldering-alloy-fillers,
bronze-alloy-powders,bronze-cusn-powder
buckypaper-graphene-oxide,
burundum-grinding-media,burundum-grinding-media
cadmium-telluride-powder-crystal-cdte,cadmium-telluride-cdte
calcite-limestone-calcspar-crushed-marble-ground-limestone-calcium-carbonate-ground-pulverized-calcium-carbonate-gcc-lime-chalk-whiting-champagne-chalk-french-chalk-albacar-aeromatt-cas-471-34-1,
calcium-ca-metal-calcium-granules,
calcium-carbonate-ca-co3-powder,calcium-carbonate-caco3
calcium-fluoride-powder-fluorspar-caf2,calcium-fluoride-fluorspar-caf2
calcium-metasilicate-powder-wollastonite,
carbon-bead-carbon-sphere,
carbon-black,carbon-c
carbon-compounds,
carbon-nanotubes-cnt-swnt-mwnt-twnt,
carbon-powder-c,
carbonate-compounds-powder,
carbonyl-iron-powder-fe2-co-9-fe-co-5,
carbonyl-nickel-ni-powder-carbonyl-nickel-liquid,
cbn-superabrasive-powders,cubic-boron-nitride-cbn-superabrasive-powder
ceramic-beads-polishing-grinding-surface-treat,
ceramic-injection-molding-cim-powder-compositions,
ceramic-powders-miscellaneous,
ceramic-powders-nanoceramic-particles,
ceramic-powders-piezoelectric,
cerium-ce-metal-cerium-pieces,
cerium-oxide-powder-ceo2,cerium-oxide-ceo2
cermet-composite-powders,
cerro-alloys-low-melting-point-alloys,cerro-alloys-low-melting-point-alloys
cesium-cs-metal-cesium-liquid,
chemical-compounds-inorganic-other,
chemicals-reagents-inorganic,
chemicals-synthetic,
chromic-acid-chromium-oxide-cro3,chromium-oxide-cr2o3
chromium-carbide-powder-cr3c2-cr7c3-and-cr23c6,
chromium-cr-powder-chromium-flake,
chromium-dioxide-powder-cro2,chromiumiv-oxide-cro2
chromium-oxide-powder-cr2o3,
clad-metals,
closed-cell-metal-foam,open-cell-metal-foam
cnt-carbon-nanotubes-swnts-dwnts-mwnts-twnts,
coated-powders-inorganic,
cobalt-co-metal-cobalt-powder,
cobalt-oxide-powder-coo-co2o3-co304,
cobalt-sulfide-powder-cos-cos2,cobaltiv-sulfide-cos2
coconut-shell-powder-coconut-shell-flour,coconut-shell-powder-and-flour
colemanite-powder-2cao-3b2o3-5h2o,colemanite-2cao-3b2o3-5h2o
composite-materials-alloy-metal-matrix-cermet-mixture-particle-powder-foils-fibers,
composite-powder-composite-wire,
constantan-foil-constantan-strip-constantan-wire,
copper-cu-chops-chopped-copper-wire,
copper-cu-metal-copper-powder,
copper-metal-copper-powder,
copper-oxide-powder-cuo-and-cu2o,
copper-phosphorus-cup-alloy,copper-phosphorus-alloy
cordierite-powder-2mgo-2al2o3-5sio2,cordierite-2mgo-2al2o3-5sio2
corn-cob-abrasive-media-corn-cob-abrasive-grit,
corundum-powder-al2o3,corundum-al2o3
crushed-pecan-shell-abrasives-carriers-media,
cryolite-powder-synthetic-na3-alf6-or-3-naf-alf3,
crystals-polycrystal-crystalline-solid-inorganic,
dental-aluminum-oxide-powder-27-50-micron-grades,dental-aluminum-oxide-powder
diamond-dust-diamond-powder-c,
diatomaceous-earth-de,diatomaceous-earth-de
difluoride-powders,
divalent-selenium-positive-element-selenide-compound,
dolomite-powder,
dysprosium-dy-metal-dysprosium-granules,
dysprosium-oxide-powder-dy2o3,dysprosium-oxide-dy2o3
electrolytic-iron-metal-powder,electrolytic-iron
element-substance-matter-chemical-inorganic-powder-sheet-wire,
element-substance-matter-chemical-inorganic-powder-sheet-wire/2,
element-substance-matter-chemical-inorganic-powder-sheet-wire/3,
element-substance-matter-chemical-inorganic-powder-sheet-wire/4,
element-substance-matter-chemical-inorganic-powder-sheet-wire/5,
element-substance-matter-chemical-inorganic-powder-sheet-wire/6,
elemental-metal-powders-spherical-irregular-flake,
emery-abrasive-grain-powder,emery-abrasive-grain-powder
erbium-er-rare-earth-metal,erbium-er-metal
erbium-oxide-powder-er2o3,erbium-oxide-er2o3
europium-eu-metal-europium-pieces,
europium-oxide-powder-eu2o3,europium-oxide-eu2o3
evaporation-deposition-sources,
evaporation-source-materials,
fcc-food-fda-grades-chemical-raw-materials,
fcc-grade-specialty-chemicals,
feldspar-powder,feldspar-powder
ferrate-potassium-ferratevi-fe6-ironvi-super-iron-k2feo4-potassium-ferratevi-97-dipotassium-ferrate-ferric-acid-salt-potassium-iron3-oxygen2-potassium-ferrate-potassium-ferrite-iron-potassium-oxide-potassium-iron-oxide-k2feo4-h,
ferric-iii-iron-hydroxide-fe-oh-3-granular-powder-slurry,
ferric-oxide-crystalline-fe2o3,
ferric-oxyhydroxide-feo-oh-granular-powder,
ferrite-compounds-powder,
ferro-alloy-powders-pieces-atomized-atomised-milled-crushed,
ferro-alloys-iron-alloy-powder,
ferro-aluminum-feal-powder,
ferro-boron-feb-powder,
ferro-chromium-fecr-powder,
ferro-manganese-femn-powder,
ferro-niobium-powder-ferro-columbium-powder-fenb,ferroniobium-ferrocolumbium
ferro-phosphorus-iron-phosphide-powder-fe2p-and-fe3p,ferrophosphorus-iron-phosphide-powder
ferro-silicon-fesi-powder-atomized-spherical-milled-crushed-lump,
ferro-tantalum-feta-powder,
ferro-tic-alloys,ferro-tic-alloys
ferro-tungsten-few-powder,
ferro-vanadium-fev-powder-dust-pieces,
ferrofluids-nano-magnetic,
filler-materials-additives,
fillers-and-reinforcements-inorganic-powders-fibers-platelets,
fillers-extenders-natural-organic-for-plastics,
fillers-extenders-organic-natural,
fillers-functional-materials-nanofillers-surface-particle-granular-treated-inorganic,
filter-sand-filter-media,
filtration-media-inorganic-water-soil,
filtration-media-organic-water-soil,
flame-spray-powder-flame-spray-wire,
fluoride-compounds-organic-fluoride-inorganic-fluoride-enzymes-powder,
fluoride-powders,
foam-materials-metal-foam-ceramic-foam-cellular-foam-syntactic-foam-nanofoam,
forsterite-powder,
fumed-silica-powder-sio2,fumed-silica-sio2
furnace-black-channel-black,
gadolinium-gd-metal-gadolinium-powder,
gadolinium-oxide-powder-gd203,gadolinium-oxide-gd2o3
gadolinium-zirconate-gzo-gd2zr2o7,gadolinium-zirconate-gd2o7zr2
gadolinium-zirconate-powder-gd2o7zr2,
gallium-arsenide-gaas,gallium-arsenide-gaas
gallium-ga-metal,gallium-ga-metal
gallium-nitrate-ga-n03-3,galliumiii-nitrate-gano33
gallium-nitride-powder-crystal-substrate-wafer,
gallium-oxide-ga203,galliumiii-oxide-ga2o3
garnet-sand-garnet-grain-garnet-powder,garnet-grain-sand-powder
germanium-ge-metal-germanium-powder,
germanium-oxide-powder-ge02,germanium-dioxide-geo2
glass-abrasive-powder-recycled,glass-abrasive-powder-recycled-water
gold-au-metal-gold-powder,
graphene-oxide-go-dispersion-flake-powder,
graphite-diamond-amorphous-carbon,
graphite-powder-natural-synthetic,
hafnium-carbide-powder-hfc,hafnium-iv-carbide-hfc
hafnium-diboride-hfb2-powder-target,hafnium-diboride-hfb2
hafnium-hf-metal-hafnium-powder,
hafnium-nitride-powder-hfn,hafnium-nitride-hfn
hafnium-oxide-powder-hfo2,hafniumiv-oxide-hfo22
halloysite-clay-nanotubes,
halloysite-nano-clay-al2si2o5-oh-42h2o-sio2,
hard-facing-powders-hardfacing-wires,
hardmetal-materials-carbide-cemented-carbide-tungsten-carbide-cobalt-widia-powders,
hastelloy-alloys-powder-sheet-bar-tube,
hematite-powder-red-iron-oxide-fe2o3,
hemp-fiber-hemp-fibre-hemp-wood-chopped,
holmium-ho-metal-holmium-granules,
holmium-oxide-powder-ho2o3,holmiumiii-oxide-ho2o3
hydride-compounds-ionic-hydride-covalent-hydride-negative-hydrogen-ion-hydrogen-ligands-powder,
hydrophobic-sand-magic-sand,hydrophobic-sand
hydroxide-powders,
ilmenite-powder-ilmenite-sand-fetio3,
inconel-alloys,inconel-alloys
indium-arsenide-inas,indiumiii-arsenide-inas
indium-in-metal-indium-powder,
indium-oxide-powder-in203,indiumiii-oxide-in2o3
indium-phosphide-inp,indiumiii-phosphide-inp
indium-tin-oxide-powder-ito-in203-sn02,
inorganic-nanotubes,
invar-36-nilvar-metal-feni,invar-36-nilvar-metal-feni
iridium-ir-metal-iridium-pieces,
iron-aluminide-fe3al,iron-aluminide-fe3al
iron-chromite-chrome-ore,iron-ii-chromite-fecr2o
iron-fe-metal-powder-sponge-iron-powder,
iron-oxide-powder-feo-fe2o3-fe3o4-synthetic,
iron-oxide-powders-fe203-fe304-feo-oh-feo,
iron-sulfide-iron-pyrite,
item/glass-abrasive-powder-recycled,
item/hemp-fiber-hemp-fibre-hemp-wood-chopped,
item/magnesium-aluminum-alloy-powder-mg-al-and-al-mg,magnesium-aluminum-alloy-powder
item/magnesium-mg-powder,magnesium-mg-powder
jeweler-s-rouge-fe2o3,jewelers-rouge-fe2o3
kaolin-powder-al2si2o5-oh-4,kaolin-powder-al2si2o5oh4
lanthanum-carbide-powder-lac2,lanthanum-carbide-lac2
lanthanum-la-metal-lanthanum-granules,
lanthanum-oxide-powder-la2o3,lanthanumiii-oxide-la2o3
lead-sulfide-lead-sulphide-pbs,
lead-zirconate-titanate-pzt,lead-zirconate-titanate-pzt
limestone-caco3-pcc-gcc-usp-fcc,
litharge-lead-ii-oxide-lead-monoxide,
lithium-li-metal-lithium-granules,lutetium-lu-metal-granules
lithium-oxide-powder-li2o,lithium-oxide-li2o
lutetium-lu-metal-granules,
lutetium-oxide-powder-lu2o3,lutetiumiii-oxide-lu2o3
magnesite-powder-mgco3,magnesium-oxide-mgo
magnesium-aluminum-alloy-powder-mg-al-and-al-mg,
magnesium-chloride-mgcl2-powder,magnesium-chloride-mgcl%e2%82%82
magnesium-diboride-magnesium-boride-powder-mgb2,
magnesium-fluoride-magnesium-difluoride-mgf2-powder,
magnesium-mg-powder,
magnesium-mg-turnings-magnesium-chips,
magnesium-oxide-magnesia-powder-mgo-2,
magnetic-foil-strip-sheet-coil-plate-wire,
magnetic-materials-powder-sheet-wire,
magnetic-powder-magnetic-particles,
magnetite-black-iron-oxide-fe304-powder,magnetite-black-iron-oxide
manganese-mn-metal-manganese-powder,
manganese-oxide-manganese-dioxide-powder-mno2,
manganin-alloy-shunt-strip-wire-cu-mn-fe,
media-filtration-inorganic,
media-filtration-organic,
media-grinding-tumbling-finishing,
metal-alloy-non-metallic-minerals-ceramic-composite-polymer-powder-sheet-foil-rod-natural-fiber-metal-fiber-nanowire-nanoparticle-nanotube-coatings-aerogel-metal-foam-ceramic-foam-enzymes-magnetic-conductive-abrasives-additives/element-substance-matter-chemical-inorganic-powder-sheet-wire/platinum-pt-metal-platinum-powder,
metal-alloy-non-metallic-minerals-ceramic-composite-polymer-powder-sheet-foil-rod-natural-fiber-metal-fiber-nanowire-nanoparticle-nanotube-coatings-aerogel-metal-foam-ceramic-foam-enzymes-magnetic-conductive-abrasives-additives/hydroxide-powders/ferric-oxyhydroxide-feo-oh-granular-powder,
metal-alloy-non-metallic-minerals-ceramic-composite-polymer-powder-sheet-foil-rod-natural-fiber-metal-fiber-nanowire-nanoparticle-nanotube-coatings-aerogel-metal-foam-ceramic-foam-enzymes-magnetic-conductive-abrasives-additives/organic-abrasives-organic-blasting-media-organic-abrasives-diamond-corundum-emery-garnet-staurolite-flint-novaculite-quartz-quartzite-sandstone-limestone-basalt-feldspar-granite-mica-perlite-pumice-apatite-calcite-chalk-clay-diatomi/crushed-pecan-shell-abrasives-carriers-media,
metal-alloy-non-metallic-minerals-ceramic-composite-polymer-powder-sheet-foil-rod-natural-fiber-metal-fiber-nanowire-nanoparticle-nanotube-coatings-aerogel-metal-foam-ceramic-foam-enzymes-magnetic-conductive-abrasives-additives/organic-abrasives-organic-blasting-media-organic-abrasives-diamond-corundum-emery-garnet-staurolite-flint-novaculite-quartz-quartzite-sandstone-limestone-basalt-feldspar-granite-mica-perlite-pumice-apatite-calcite-chalk-clay-diatomi/walnut-shell-abrasive-media-grain-flour-powder,
metal-alloy-non-metallic-minerals-ceramic-composite-polymer-powder-sheet-foil-rod-natural-fiber-metal-fiber-nanowire-nanoparticle-nanotube-coatings-aerogel-metal-foam-ceramic-foam-enzymes-magnetic-conductive-abrasives-additives/oxides-metallic-powders/titanium-dioxide-powder-rutile-grade-tio2,titaniumiv-oxide-tio2-rutile-grade
metal-alloy-non-metallic-minerals-ceramic-composite-polymer-powder-sheet-foil-rod-natural-fiber-metal-fiber-nanowire-nanoparticle-nanotube-coatings-aerogel-metal-foam-ceramic-foam-enzymes-magnetic-conductive-abrasives-additives/phosphate-compounds-powder/bone-char-granular-bone-black,
metal-carbide-powders,
metal-coated-particles-metal-coated-powder,
metal-injectio-molding-mim-metal-powder-material-stainless-steel-titanium-alloy-superalloy,
metal-injection-molding-mim-powder-compositions,
metal-pastes-a-metal-creams,
metal-powders-alloy-powders,
metallizing-compounds-metallization-thermal-spray-vacuum-metallizing,
metallizing-powders-and-metallizing-wires,
metallurgical-compounds,
metals-clad,
mica-flake-mica-powder,
micaceous-iron-oxide-mio,micaceous-iron-oxide-mio
micronal-phase-change-material-pcm,
military-specification-mil-spec-mil-std-specialty-chemicals-metals-ceramics,
military-specification-military-standard-milspec-milstd-chemical-metal-ceramic-composite,
mim-ceramic-powders,
mineral-and-ore-powders,
mineral-filler-powders-particles-flake,
minerals-and-ores-powder,
minerals-and-ores-powder/2,
minerals-clays,
mischmetal-rare-earth-metals,
molecular-clusters-atomic-clusters,
molybdenite-mos2-mineral,molybdenum-mo-metal
molybdenum-cellular-foam,molybdenum-cellular-foam
molybdenum-compounds-powder,
molybdenum-disilicide-powder-mosi2,molybdenum-disilicide-mosi2
molybdenum-disulfide-mos2,molybdenumiv-sulfide-mos2
molybdenum-mo-metal-molybdenum-powder,
molybdenum-oxide-moo2-moo3,molybdenumiv-oxide-moo2
mullite-powder-3al2o3-2-sio2,
nano-fillers-nano-additives,
nano-graphene-flakes-platelets-powder,
nanobelts-nanoribbons,
nanoclays-montmorillonite-bentonite-smectite,
nanofibers-and-quantum-fibers-inorganic,
nanofibers-inorganic-nanofibers-metallic-nanofibers-ceramic-nanofibers-synthetic-nanofibers,
nanomaterials-nanoscale-materials,
nanopaper-materials,
nanoparticle-nanocrystal-nanopowder-nanocluster,
nanoparticle-size-standards-nist-srm-astm,nanoparticle-size-standards-nist-srm-astm
nanoporous-and-microporous-adsorbent-materials-inorganic,
nanorod-materials-nanowire-nanopillar,
nanorods-quantum-rods,
nanostructured-metals-bulk,
nanotubes-cnts-swnts-dwnts-mwnts-twnts,
nanotubes-swnts-dwnts-mwnts-va-mwnts-twnts,
natural-fibers-fibres-flax-fibers-flax-fibres-hemp-fibers-hemp-fibres-coconut-shell-fibers-fibres-powder-bast-fibers-fibres-animal-fibers-fibres-leaf-fibers-leaf-fibres-seed-fibers-fibres-fruit-fibers-fibres-wood-fibers-fibres-banana-fibers-grass-fibers,
natural-zeolites-synthetic-zeolites,
neodymium-nd-metal-powder,neodymium-nd-metal
neodymium-oxide-powder-nd2o3,neodymiumiii-oxide-nd2o3
nickel-aluminide-powder-nial-ni3al-or-nial3,
nickel-carbonyl-carbonyl-nickel-powder-liquid-ni,
nickel-chromium-alloys-nicr,nickel-chromium-alloys
nickel-manganese-alloy-ni-mn,nickel-manganese-alloy
nickel-ni-powder-nickel-sheet-nickel-foam,
nickel-silver-alloy-ni-ag,nickel-silver-alloy
nimonic-alloy-sheet-wire-powder,
niobium-aluminide-nb-al,niobium-aluminides
niobium-carbide-powder-nbc-nb2c,niobium-carbide-nbc
niobium-nb-powder-shot-pellets-ingot,
niobium-oxide-powder-nb2o5-nbo2-nbo,niobium-oxides-nb2o5-nbo2-nbo
niobium-selenide-niobium-diselenide-nbse2,niobium-iv-selenide-nbse2
nitride-compounds-powders,
olive-stone-olive-pits-powders-flour,olive-pit-powders-flour
open-cell-metal-foam,
organic-abrasive-grains-powders,
organic-abrasives-organic-blasting-media-organic-abrasives-diamond-corundum-emery-garnet-staurolite-flint-novaculite-quartz-quartzite-sandstone-limestone-basalt-feldspar-granite-mica-perlite-pumice-apatite-calcite-chalk-clay-diatomi,
osmium-os-powder-shot-pellets-ingot,
oxides-metallic-powders,
oxides-metallic-powders/2,
oxides-metallic-powders/3,
oxides-metallic-powders/4,
palladium-pd-powder-shot-pellets-ingot,
permalloy-ni-fe-mo-alloys-powder-wire-sheet,
phosphate-compounds-powder,
phosphide-compounds-powder,
phosphorus-p-metal-lump-phosphorus-powder,
piezoelectric-alloy-powders,piezoelectric-alloy-powders
plasma-spray-powders-plasma-spray-wires,
platinum-metal-platinum-powder,
platinum-rhodium-alloy-ptrh,platinum-rhodium-alloy
polyatomic-ion-no3,
polymeric-powders,
poss-polyhedral-oligomeric-silsesquioxane-molecules,
potassium-ferrate-vi-fe6-k2feo4,potassium-ferrate-k2feo4
potassium-k-metal-ingots-blocks-cubes-sticks,
praseodymium-oxide-pr6o11,praseodymiumiii-iv-oxide-pr6o11
praseodymium-pr-metal-praseodymium-granules,
pumice-powder-amorphous-aluminum-silicate,
quantum-wire-metallic-nanowire-semiconductor-nanowire-insulating-nanowire-molecular-nanowire-nanowire-arrays-alumina-nanowire-bismuth-nanowhire-boron-nanowire-cadmium-selenide-nanowire-copper-nanowire-gallium-nitride-nanowire-gold-nanowire-silicon-zinc-ox,
quartz-powder-fused-and-synthetic-sio2,
rare-earth-materials-rare-earth-metals-rare-earth-oxides-rem-reo-lree-hree-powder,
rare-earth-metal-rare-earth-mineral-powders,
reagent-chemicals-inorganic,
rene-superalloys-41-80-95,rene-superalloys-41-80-95
rhenium-diboride-reb2,rhenium-diboride-reb2
rhenium-re-metal-rhenium-powder,
rhodium-powder-metal-rh,rhodium-rh-metal
rubidium-rb-metal,rubidium-rb-metal
ruthenium-ru-metal-ruthenium-powder,
samarium-oxide-sm2o3,samariumii-oxide-sm2o3
samarium-sm-metal-samarium-powder,
sand-silicon-dioxide-si02,
saponite-granules-powder,
sapphire-powder-sapphire-crystal-sapphire-wafer-al2o3-cr2o3,
scandium-oxide-sc2o3,
scandium-sc-metal-scandium-powder,
selenium-se-metal-selenium-powder,
shape-memory-alloys-and-wires-sma,shape-memory-alloys-sma
silica-gel-powder-sio2,
silicate-compounds-powder,
silicon-carbide-sic-powder-crystal-wafer-boule,
silicon-dioxide-high-purity-sio2-silica-sand,silicon-dioxide-high-purity-sio2
silicon-germanium-sige-alloy,silicon-germanium-alloy
silicon-nitride-powder-si3n4,silicon-nitride-si3n4
silicon-si-metal-powder-amorphous,
silicon-si-metal-powder-crystalline,
sillimanite-powder-sillimanite-crystal-al2sio5,
silver-oxide-powder-ag20-ag0,
silver-powder-silver-metal,
single-crystal-diamonds-scd-cvd,single-crystal-diamonds
single-crystals,single-crystals
smectite-clay-powder,smectite-clay
sodium-na-metallic-pieces-in-oil,
sol-gel-material,sol-gel-materials
sol-gel-materials,
solder-metal-paste-solder-metal-cream,
spinel-powder-mgal2o4,spinel-mgal2o4
spodumene-powder-lithium-aluminum-silicate-powder,
sputtering-target-materials-cvd-pvd,
sputtering-targets-pvd-cvd,sputtering-targets
srm-standard-reference-materials-nist-astm,
stainless-steel-powders,stainless-steel-powders
strontium-metal-sr-strontium-metal-powder,
strontium-sulfate-celestite-powder-srso4,strontium-sulfate-srso4
strontium-titanate-srti03-powder,strontium-titanate-srtio%e2%82%83
sulfide-compounds-powder,
sulfur-s-metal-powder-pellet-prill-flake,
sulphate-sulfate,
synthetic-graphite-powder-nuclear-grade,
talc-powder-hydrous-magnesium-silicate,
tantalum-aluminide-taal3-ta3al,tantalum-aluminide-taal3-ta3al
tantalum-carbide-tac-powder-tantalum-carbide-ta2c-powder,
tantalum-nitride-tan-powder,tantalum-nitride-tan
tantalum-pentoxide-ta2o5,tantalumv-oxide-ta2o5
tantalum-ta-metal-tantalum-powder,
telluride-compounds-te2-dianions,
tellurium-dioxide-powder-te02,telluriumiv-oxide-teo2
tellurium-te-metal-tellurium-powder,
terbium-metal-tb-and-terbium-powder,
test-sand-test-dust,test-sand-test-dust
thallium-metal-tl-rod-shot,
thermal-spray-hvof-powders,thermal-spray-hvof-powders
thermal-spray-plasma-spray-cold-spray-detonation-spray-hvof-spray-flame-spray-warm-spray-wire-arc-spray-powder-wire,
thermal-spray-wire-hvof-wire,thermal-spray-hvof-wire
thermite-powder-aluminum-thermite-copper-thermite,
thulium-metal-tm-thulium-granules,
tin-oxide-stannous-oxide-powder-sno-stannic-oxide-powder-sno2,
tin-sn-metal-powder-granule-flake,
titanate-compounds-powder,
titanium-alloys-powder-sheet-rod-wire-ingot,
titanium-aluminide-powder-titanium-aluminide-sheet-tial-ti3al-tial3-ti-48al-2nb-2cr-ti2-alnb,titanium-aluminides-tial-ti3al-tial3-ti-48al-2nb-2cr-ti2alnb
titanium-boride-powder-tib-titanium-diboride-powder-tib2,
titanium-carbide-powder-tic,titanium-carbide-tic
titanium-carbo-nitride-ticn-powder,titanium-carbo-nitride-ticn
titanium-dioxide-powder-anatase-grade,titaniumiv-oxide-anatase-grade-tio2
titanium-dioxide-powder-rutile-grade,
titanium-hydride-powder-tih2,titanium-hydride-tih2
titanium-metal-ti-sponge-titanium-powder,
titanium-nitride-powder-tin,titanium-nitride-tin
titanium-silicon-carbide-powder-ti3sic2,titanium-silicon-carbide-ti3sic2
tool-steel-high-speed-steel-powder-sheet-rod,tool-steel-high-speed-steel
tripoli-powder-american-sio2,
tungsten-carbide-powder-wc-and-w2c,
tungsten-metal-w-tungsten-powder,
tungsten-nitride-powder-tungsten-nitridetargets-wn-and-wn2,
tungsten-oxide-wo2-and-wo3,tungstenvi-oxide-wo3
tzm-molybdenum-alloy-sheet-bar-powder,tzm-molybdenum-alloy
vanadium-carbide-powder-vc,vanadium-carbide-vc
vanadium-oxide-pentoxide-powder-vo-vo2-v2o3-and-v2o5,
vanadium-v-metal-vanadium-powder,
walnut-shell-abrasive-media-grain-flour-powder,
wollastonite-powder-calcium-metasilicate,wollastonite-calcium-metasilicate
wood-s-metal-alloy,woods-metal-alloy
wurtzite-boron-nitride-w-bn,wurtzite-boron-nitride-w-bn
xenon-difluoride-xef2,xenon-difluoride-xef2
yellow-iron-oxide-powder-pigment,
ytterbium-yb-metal-granules-foil-wire,
yttrium-metal-yttrium-powder-y,
yttrium-oxide-yttria-powder-y2o3,yttrium-oxide-y2o3
zero-valent-iron-zvi-nzvi-ezvi-powder,
zinc-oxide-powder-zno,zinc-oxide-zno
zinc-selenide-znse,zinc-selenide-znse
zinc-sulfide-zinc-sulphide-zns,zinc-sulfide-zns
zinc-zn-metal-powder,zinc-zn-metal
zircon-flour-zircon-sand-zrsio4,
zirconia-mullite-grain-powder-fused-al2o3-zro2-sio2,zirconia-mullite-al2o3-zro2-sio2
zirconium-carbide-powder-zrc,zirconium-carbide-zrc
zirconium-diboride-zirconium-boride-powder-zrb2,
zirconium-nitride-zrn-powder,zirconium-iii-nitride-zrn
zirconium-oxide-calcia-stabilized-zro2-ca0-powder,
zirconium-oxide-hafnia-stabilized-zro2-hf2-2,
zirconium-oxide-yttria-stabilized-zro2-y2o3,
zirconium-oxide-zirconia-zro2-powder,zirconium-oxide-zirconiazro2
zirconium-silicate-zrsio4-zircon-powder,zirconium-silicate-zrsio4
zirconium-zr-metal-zirconium-powder,
